<?xml version="1.0" encoding="UTF-8"?>
<project-private xmlns="http://www.netbeans.org/ns/project-private/1">
    <editor-bookmarks xmlns="http://www.netbeans.org/ns/editor-bookmarks/2" lastBookmarkId="0"/>
    <open-files xmlns="http://www.netbeans.org/ns/projectui-open-files/2">
        <group>
            <file>file:/home/ifg/sam/MTP/src/mtp/Cadastro.java</file>
            <file>file:/home/ifg/sam/MTP/src/mtp/Conexao.java</file>
            <file>file:/home/ifg/sam/MTP/src/mtp/Inicial03.java</file>
            <file>file:/home/ifg/sam/MTP/src/frame.java</file>
            <file>file:/home/ifg/sam/MTP/src/mtp/MeuFrame.java</file>
        </group>
    </open-files>
</project-private>
